{"conv1d": {"bias:0": [0.07026831060647964, 0.017743967473506927, -0.07493709772825241, -0.12639787793159485], "kernel:0": [[[-0.10375804454088211, 1.3042032718658447, -0.7050029635429382, -1.1478924751281738]], [[0.013843392953276634, 0.7347827553749084, -0.29361164569854736, -0.6537583470344543]], [[-0.11828397214412689, 0.3325404226779938, -0.3401610851287842, -0.33606791496276855]], [[-0.6176928877830505, -0.4209355115890503, 0.24697452783584595, 0.11236624419689178]], [[-0.572053074836731, -0.8894563317298889, 0.5291756987571716, 0.4112364649772644]], [[-0.5561108589172363, -0.872315526008606, 0.4677720367908478, 0.30552196502685547]], [[-0.6991461515426636, -0.8622894883155823, 0.3399127125740051, 0.29636862874031067]], [[-0.4859738349914551, -0.42155835032463074, 0.15889741480350494, 0.4705473482608795]], [[-0.016098041087388992, 0.25814583897590637, -0.33610081672668457, 0.1450759321451187]], [[-0.017693711444735527, 0.40732893347740173, -0.6191064715385437, 0.21817220747470856]], [[0.34424638748168945, 0.29638537764549255, -0.5261946320533752, 0.6325941681861877]], [[0.7057384848594666, 0.688804030418396, -0.392025351524353, 0.6577877402305603]]]}, "conv1d_1": {"bias:0": [-0.06519811600446701, -0.0895211398601532, -0.0875220075249672, -0.002476835623383522], "kernel:0": [[[-0.03542405366897583, -0.051543354988098145, -0.07028496265411377, 0.1782844066619873], [0.005582571029663086, 0.04896658658981323, -0.1890001893043518, 0.16730648279190063], [-0.15120631456375122, -0.046835899353027344, 0.1620756983757019, 0.027968108654022217], [-0.02357107400894165, -0.09306955337524414, 0.1802728772163391, -0.10278022289276123]], [[0.5306290984153748, 0.15311482548713684, 0.07984092086553574, 0.0002574479440227151], [-0.4696396589279175, 0.09279082715511322, -0.0461743101477623, -0.394735723733902], [0.007992078550159931, 0.7475355863571167, -0.053438037633895874, -0.0009363143472000957], [-0.35962459444999695, 0.33828625082969666, -0.3579968214035034, -0.15915611386299133]], [[0.11741919815540314, 0.370111346244812, 0.057256557047367096, 0.028098169714212418], [-0.12096403539180756, 0.04923367500305176, 0.2987833321094513, -0.11915703117847443], [-0.00874123815447092, 0.12387825548648834, -0.4895230233669281, -0.13763485848903656], [-0.1857883334159851, 0.010547897778451443, -0.299134761095047, -0.3276527523994446]], [[0.058789074420928955, 0.293050616979599, 0.2879503071308136, 0.22292056679725647], [-0.188526913523674, 0.29524198174476624, 0.2540262043476105, 0.14701780676841736], [0.1579236388206482, 0.2600806951522827, -0.2554766535758972, -0.0369778610765934], [-0.08261863887310028, 0.016382748261094093, -0.25195804238319397, -0.2906840145587921]], [[0.009694326668977737, 0.399120956659317, 0.25235363841056824, 0.3044581711292267], [0.009028787724673748, 0.14273594319820404, 0.493790864944458, -0.01719970442354679], [0.02228272706270218, 0.2957127094268799, -0.03740401566028595, -0.07245587557554245], [-0.1022418737411499, -0.08378416299819946, -0.3142521381378174, -0.22618530690670013]], [[0.14948908984661102, 0.44829311966896057, 0.34290558099746704, 0.39961758255958557], [-0.013184314593672752, 0.17268359661102295, 0.5522329807281494, 0.2847656011581421], [0.4091038405895233, 0.3323113024234772, -0.056310731917619705, 0.018749762326478958], [-0.1354893147945404, -0.09741686284542084, -0.3000844120979309, -0.0007084503304213285]], [[0.4339773654937744, 0.5381214618682861, 0.5371875166893005, 0.4422494173049927], [-0.07615780830383301, 0.5006517767906189, 0.47676992416381836, 0.12361358106136322], [0.4204968214035034, 0.4006887674331665, -0.19638197124004364, 0.21818600594997406], [-0.3596206307411194, -0.28595414757728577, -0.29604944586753845, -0.2574249505996704]], [[0.33944857120513916, 0.17080174386501312, 0.23462161421775818, 0.043083854019641876], [-0.04963924363255501, 0.3614271581172943, 0.2865615785121918, -0.2107815444469452], [0.5133504271507263, 0.46672675013542175, 0.1880844682455063, 0.036209143698215485], [-0.5922060608863831, -0.5313221216201782, -0.4753519892692566, -0.6232358813285828]], [[-1.0456632375717163, -0.7365348935127258, -0.5453999638557434, -1.4890810251235962], [-0.7880387306213379, -0.31467297673225403, -0.5978296399116516, -1.1459462642669678], [0.364258348941803, 0.15289315581321716, 0.013787015341222286, -0.021313706412911415], [-0.5710219740867615, -0.35188472270965576, -0.5747958421707153, -0.4381992816925049]], [[-0.2669696807861328, 0.07123805582523346, -0.19511468708515167, -0.4985205829143524], [-1.3616641759872437, -0.9568310379981995, -0.2883010804653168, -1.7307374477386475], [0.2456727921962738, 0.526162326335907, 0.03708750382065773, 0.20938271284103394], [1.3481810092926025, 0.7250999212265015, 0.4309800863265991, 1.7786864042282104]], [[0.24687223136425018, 0.06614380329847336, 0.06212322413921356, -0.06685753166675568], [-0.07842296361923218, 0.04278150573372841, 0.5512164831161499, -0.1578039824962616], [-0.304609477519989, 0.22939004004001617, 0.15415437519550323, -0.07150625437498093], [-0.16920332610607147, -0.45189186930656433, -0.056172776967287064, -0.13679969310760498]], [[0.0864986777305603, 0.13792824745178223, -0.03334403038024902, -0.033668696880340576], [0.1455683708190918, -0.20164543390274048, 0.24789893627166748, -0.10307252407073975], [0.2357894778251648, -0.033099472522735596, 0.019011974334716797, -0.1658318042755127], [0.15492284297943115, 0.02206575870513916, -0.21674489974975586, 0.07193726301193237]]]}, "dense": {"bias:0": [0.005022147670388222], "kernel:0": [[-0.021217234432697296], [0.0503334105014801], [0.053864773362874985], [0.19669444859027863], [-0.16531376540660858], [0.11108120530843735], [0.1425914317369461], [-0.04991484060883522], [0.20060552656650543], [0.2537429928779602], [0.026297498494386673], [-0.09563472121953964], [0.10011978447437286], [-0.2446616291999817], [0.05207835137844086], [0.10918606072664261], [-0.09441117197275162], [-0.11630981415510178], [0.08621949702501297], [0.12484617531299591], [-0.12225518375635147], [0.11081461608409882], [-0.18492576479911804], [0.2446947693824768]]}, "lstm": {"lstm_cell": {},