{"conv1d": {"bias:0": [-0.008137965574860573, 0.0044608209282159805, -0.003404963994398713, -0.0028733382932841778], "kernel:0": [[[-9.711555480957031, 2.932913064956665, 2.913919448852539, 0.9027065634727478]], [[-4.750852584838867, 1.244639277458191, -0.08139672130346298, -1.0088199377059937]], [[-1.628525733947754, 0.10694121569395065, -2.9400250911712646, -2.353476047515869]], [[-0.32926955819129944, 0.019013145938515663, -4.420660972595215, -3.259244441986084]], [[-0.09170535951852798, 0.5022827982902527, -5.003164768218994, -3.777963399887085]], [[0.01293780654668808, 1.135648250579834, -4.623501300811768, -3.269709348678589]], [[-0.265140563249588, 1.5707389116287231, -3.8339481353759766, -2.8652849197387695]], [[-0.9935857057571411, 1.8458341360092163, -2.881324052810669, -1.4805703163146973]], [[-0.5485865473747253, 1.9914686679840088, -2.3290786743164062, -0.7032023668289185]], [[-0.6696996092796326, 1.885321021080017, -1.9161643981933594, 0.2700880765914917]], [[0.23798495531082153, 1.334661602973938, -1.1199983358383179, 0.8041715621948242]], [[0.6261400580406189, 0.5797245502471924, -1.0623457431793213, 1.5186337232589722]]]}, "conv1d_1": {"bias:0": [-0.03909026458859444, -0.006569110322743654, 0.02771667391061783, 0.03462199866771698], "kernel:0": [[[-0.1622692346572876, 0.0502927303314209, 0.01061469316482544, -0.0002447366714477539], [-0.1036689281463623, 0.11062639951705933, 0.0784720778465271, 0.09169149398803711], [0.06950712203979492, 0.04172760248184204, 0.006612002849578857, -0.01761072874069214], [-0.07649487257003784, -0.21774905920028687, -0.15279704332351685, -0.12789851427078247]], [[3.1783461570739746, -0.3639437258243561, 0.4951189458370209, 7.557816505432129], [-1.093599557876587, 0.6498989462852478, 0.49464842677116394, -2.1341207027435303], [-1.4265815019607544, 1.1440917253494263, 0.46628570556640625, -0.45734021067619324], [-1.3303630352020264, 0.8657494783401489, 1.0579776763916016, 0.44605177640914917]], [[0.5609396696090698, 0.44966039061546326, -2.4465670585632324, -0.6307376623153687], [-0.022219549864530563, -0.2684401869773865, 1.8273950815200806, 0.3397284746170044], [-0.1490589678287506, 0.41581571102142334, -2.279158353805542, 0.046442076563835144], [0.2097034454345703, 0.3095357120037079, -1.818934679031372, -0.1649084836244583]], [[-0.5667282938957214, -1.27915358543396, -0.8238043189048767, -0.32297784090042114], [-0.4133216440677643, 2.4285120964050293, 1.0689138174057007, -0.62375807762146], [-0.09009373188018799, -3.6073927879333496, -0.8878070712089539, 1.0912799835205078], [-0.25346964597702026, -2.374309539794922, -0.6260069608688354, 0.409443736076355]], [[-1.8869645595550537, 0.1488851010799408, 2.137935161590576, -0.16092731058597565], [1.1382172107696533, -1.431416630744934, -1.6367226839065552, 0.7981489300727844], [-2.3758444786071777, 2.8051116466522217, 2.235534906387329, -1.2379230260849], [-2.095153331756592, 2.330005407333374, 2.5863733291625977, -1.1762263774871826]], [[0.6382228136062622, -0.6425171494483948, -0.9679055213928223, 0.7303763031959534], [0.12134550511837006, -0.33410322666168213, -0.26530376076698303, 0.03567991778254509], [-0.6008009910583496, -0.06827951967716217, -0.025261834263801575, 0.11175408214330673], [-0.3172392249107361, 0.2544979751110077, -0.18988488614559174, 0.40472277998924255]], [[-0.16846412420272827, -0.005657995119690895, 0.3642421066761017, 0.012783079408109188], [-0.008002173155546188, -0.312722384929657, -0.07320753484964371, 0.22952543199062347], [-0.1612624228000641, -0.08884349465370178, -0.35074299573898315, 0.420803427696228], [-0.11337749660015106, 0.10875207930803299, -0.38378462195396423, -0.006981321144849062]], [[-0.22442032396793365, 0.24786581099033356, -0.01795663684606552, -0.3671427071094513], [0.15665477514266968, -0.23363277316093445, -0.009356253780424595, -0.05556551739573479], [-0.16666463017463684, 0.03375624492764473, -0.18240077793598175, 0.2072829306125641], [-0.14452175796031952, -0.29061159491539, 0.09029100835323334, 0.22280040383338928]], [[-0.26691269874572754, 0.07623505592346191, 0.11464675515890121, -0.11979299783706665], [0.10389165580272675, 0.004628547001630068, 0.22023312747478485, 0.22377248108386993], [0.13905511796474457, 0.22755025327205658, 0.023675192147493362, 0.17233148217201233], [-0.2780108153820038, -0.26792994141578674, -0.16331098973751068, 0.2802399694919586]], [[-0.14743474125862122, 0.0037277834489941597, -0.15105731785297394, 0.07471030205488205], [0.12347152829170227, -0.04681895673274994, -0.3466593027114868, 0.02339218556880951], [-0.2081023007631302, 0.13158945739269257, -0.13552652299404144, 0.050537675619125366], [0.19145886600017548, 0.00014755409210920334, -0.236277773976326, 0.24605277180671692]], [[0.3008976876735687, 0.10083826631307602, 0.155361607670784, -0.370318204164505], [0.4647689461708069, -0.18674485385417938, -0.1546482890844345, -0.2949083149433136], [-0.7169470191001892, -0.07839779555797577, -0.267623633146286, 0.46987107396125793], [0.48667359352111816, 0.14678284525871277, -0.07377626746892929, -0.014911015518009663]], [[-0.142852783203125, -0.0464591383934021, 0.02134042978286743, -0.1549670696258545], [-0.02666449546813965, -0.1936057209968567, -0.19900727272033691, 0.0655820369720459], [0.21481937170028687, -0.24112921953201294, 0.028309881687164307, -0.06794285774230957], [0.1887444257736206, 0.21559536457061768, 0.20342105627059937, 0.027429521083831787]]]}, "dense": {"bias:0": [0.10589104890823364], "kernel:0": [[-0.18031837046146393], [-0.2251819670200348], [0.20967590808868408], [-0.10371517390012741], [-0.09227967262268066], [0.09755135327577591], [0.20202183723449707], [-0.2115146815776825], [-0.1352643072605133], [-0.1598772257566452], [-0.03734404221177101], [-0.03365853428840637], [-0.149782195687294], [-0.1348285675048828], [0.06638501584529877], [0.07390809804201126], [-0.045769102871418], [0.18782450258731842], [-0.028765356168150902], [0.09192445129156113], [-0.24386948347091675], [-0.23454712331295013], [0.44175484776496887], [0.3211876451969147]]}, "lstm": {"lstm_cell": {},