{"conv1d": {"bias:0": [0.007640397641807795, -0.010784102603793144, 0.007739625871181488, -0.03310709819197655], "kernel:0": [[[2.4480044841766357, 4.613415718078613, -1.1378310918807983, -1.3806458711624146]], [[1.0320378541946411, 4.473510265350342, 0.07079453021287918, -0.3501774072647095]], [[-0.017386004328727722, 3.8322300910949707, 1.2147789001464844, 0.4567263424396515]], [[-1.4836945533752441, 3.3118081092834473, 2.607379674911499, 2.3093087673187256]], [[-3.482651472091675, 2.196641206741333, 3.6483802795410156, 3.25238299369812]], [[-4.474091053009033, 1.2770904302597046, 4.816812992095947, 4.755423545837402]], [[-5.333359241485596, -0.3423987627029419, 4.910757541656494, 5.259939670562744]], [[-5.9179487228393555, -1.4931422472000122, 4.694792747497559, 5.311157703399658]], [[-5.564477920532227, -2.1504697799682617, 4.086623191833496, 4.8145365715026855]], [[-4.425285816192627, -2.6672582626342773, 2.482107400894165, 3.637611150741577]], [[-2.2685494422912598, -3.3623342514038086, -0.039661094546318054, 1.2746645212173462]], [[0.5583251714706421, -2.9029381275177, -2.4421873092651367, -0.7619994282722473]]]}, "conv1d_1": {"bias:0": [0.034217096865177155, 0.04985607787966728, 0.004492675419896841, -0.06108409911394119], "kernel:0": [[[0.17234981060028076, -0.018564999103546143, -0.12392938137054443, -0.09271126985549927], [0.10247719287872314, -0.20871448516845703, 0.14935314655303955, -0.121304452419281], [-0.038597047328948975, 0.12364077568054199, 0.13861054182052612, 0.24687325954437256], [-0.11423051357269287, 0.17621415853500366, 0.1247941255569458, -0.1030164361000061]], [[0.11482615768909454, 0.5200033187866211, 0.01181639265269041, 0.5463433265686035], [-0.09343847632408142, 0.21831288933753967, 0.029047951102256775, 0.20000790059566498], [-0.10010170936584473, -0.29886698722839355, 0.10433787852525711, -0.6386414170265198], [-0.04908141493797302, -0.4762035012245178, -0.29119861125946045, -0.4878142178058624]], [[0.0566621832549572, -0.10845749825239182, -0.10439243912696838, -0.25748211145401], [-0.1742657572031021, -0.8962797522544861, -0.4048464298248291, -2.0506796836853027], [0.06419795751571655, -0.20868754386901855, -0.27541592717170715, -0.3992595374584198], [-0.12419132143259048, -0.08944560587406158, 0.15641047060489655, -0.1562180519104004]], [[-0.2651597261428833, -0.4702281653881073, -0.11885251104831696, -0.19670961797237396], [0.3029223084449768, 0.9849677681922913, 0.16666626930236816, 1.2053931951522827], [0.06830687820911407, 0.20629335939884186, -0.09056577831506729, 0.15773238241672516], [0.17557959258556366, 0.4161435663700104, -0.275036096572876, 0.052253879606723785]], [[0.006264649331569672, 0.08996415883302689, -0.05827628821134567, -0.3964608311653137], [0.01829085685312748, 0.04114016145467758, -0.022411320358514786, 0.2290257066488266], [0.02709403820335865, 0.059661149978637695, 0.28424322605133057, 0.3504742980003357], [-0.36449676752090454, 0.04967832192778587, 0.30903539061546326, 0.18721580505371094]], [[-0.035374030470848083, 0.1560407280921936, 0.13235382735729218, 0.24761232733726501], [0.12125517427921295, -0.12753307819366455, -0.033071767538785934, 0.22454458475112915], [-0.09966326504945755, 0.14551983773708344, 0.08762472122907639, -0.22739970684051514], [0.11392862349748611, 0.017197854816913605, 0.09072205424308777, -0.2084956169128418]], [[-0.0017590827774256468, -0.0932612344622612, -0.31367358565330505, -0.10299070179462433], [0.16533012688159943, 0.13716410100460052, 0.07544030249118805, 0.40139248967170715], [0.021787937730550766, -0.08398042619228363, 0.3674885034561157, 0.3400806784629822], [-0.28834930062294006, -0.07620184868574142, 0.07897668331861496, 0.12723524868488312]], [[0.412173330783844, 0.009289036504924297, -0.39182451367378235, -0.16512714326381683], [0.43652135133743286, 0.3492432236671448, 0.0887884572148323, -0.5801791548728943], [-0.053609102964401245, -0.3345023989677429, 0.16791661083698273, 0.10672952234745026], [-0.2295287698507309, -0.3456348478794098, 0.2389691025018692, 0.05113764479756355]], [[0.3586806356906891, 0.10790082067251205, 0.5612354278564453, 0.0842100977897644], [-1.2809484004974365, -0.18778711557388306, 1.6780062913894653, -0.09670509397983551], [-0.3695583939552307, -0.05440602824091911, -0.24718023836612701, 0.32706624269485474], [-0.3740709125995636, -0.5131157040596008, -0.4316330552101135, 0.32887566089630127]], [[-1.742254376411438, 1.15596604347229, 1.817254900932312, -1.091892123222351], [-3.2504031658172607, 1.9603344202041626, -3.8243279457092285, -1.0017390251159668], [1.105288028717041, -0.8411382436752319, -2.189880132675171, 0.46521368622779846], [1.4713078737258911, -0.8106909394264221, -1.737086534500122, 0.839762270450592]], [[0.764991819858551, -1.2001501321792603, -1.9847726821899414, 0.7662417888641357], [0.9942409992218018, -0.6206908822059631, 1.547311544418335, 0.18412509560585022], [-0.510845959186554, 1.1138666868209839, 1.7879772186279297, -0.9676656723022461], [-0.42050546407699585, 1.029025673866272, 1.801324725151062, -0.9152454733848572]], [[0.04434412717819214, 0.04929095506668091, -0.08531653881072998, 0.11046642065048218], [-0.15874624252319336, 0.04579126834869385, 0.005483269691467285, -0.10207754373550415], [0.07791799306869507, -0.04001706838607788, 0.24922043085098267, 0.1776626706123352], [0.22503048181533813, 0.0336536169052124, 0.14261919260025024, -0.1919458508491516]]]}, "dense": {"bias:0": [0.026972418650984764], "kernel:0": [[0.2219071090221405], [-0.02954680845141411], [-0.16425995528697968], [-0.06542381644248962], [0.26505088806152344], [-0.04642273485660553], [0.11418665945529938], [-0.1758778989315033], [-0.23547768592834473], [-0.08220478147268295], [-0.13008810579776764], [0.15682794153690338], [-0.05719982460141182], [0.0948542058467865], [-0.08482202142477036], [-0.16922235488891602], [0.052954431623220444], [0.2261570692062378], [-0.09894772619009018], [0.07354659587144852], [0.025014303624629974], [-0.14641878008842468], [0.13607943058013916], [0.046744976192712784], [-0.13656239211559296], [0.1265142410993576], [0.1166643500328064], [-0.09375905245542526], [0.15507902204990387], [0.05892222002148628], [-0.2125101387500763], [0.14017166197299957]]}, "lstm": {"lstm_cell": {},