{"conv1d": {"bias:0": [0.0003996947780251503, -0.0009056199342012405, 7.595168426632881e-06, 0.003177478676661849], "kernel:0": [[[-0.2041178196668625, -0.29825738072395325, -0.7017825841903687, 0.22268088161945343]], [[0.19315138459205627, 0.34279173612594604, -0.22160488367080688, 0.10665512830018997]], [[0.05633271113038063, -0.0966595858335495, 0.1986241638660431, 0.07533037662506104]], [[0.12720978260040283, 0.02967800386250019, 0.12014786899089813, 0.10857492685317993]], [[0.6385732293128967, -0.07406290620565414, 0.07823213934898376, -0.17360685765743256]], [[0.22509613633155823, -0.07313274592161179, -0.2852405905723572, 0.04641489312052727]], [[0.4390456974506378, -0.09763068705797195, 0.07267102599143982, -0.609127402305603]], [[-0.1395866721868515, 0.023949692025780678, 0.000520356057677418, -0.5020046830177307]], [[-0.49785131216049194, -0.0738404244184494, -0.033602192997932434, 0.017616620287299156]], [[-0.4997238218784332, -0.43144384026527405, 0.27827736735343933, 0.8616805672645569]], [[-1.0665147304534912, -0.5351691246032715, 0.929547131061554, 1.2436434030532837]], [[1.3511134386062622, 0.9042050242424011, -0.48652833700180054, -0.912205696105957]]]}, "conv1d_1": {"bias:0": [0.005308784544467926, -0.009410190396010876, -0.06626803427934647, 0.005774019286036491], "kernel:0": [[[0.13591492176055908, -0.00979471206665039, 0.12060445547103882, -0.07920712232589722], [-0.24233436584472656, -0.24561643600463867, 0.04999417066574097, -0.021857857704162598], [0.15832185745239258, 0.2314462661743164, -0.08323520421981812, 0.1924775242805481], [0.189916729927063, -0.12464284896850586, -0.17369836568832397, 0.19912689924240112]], [[-0.18401922285556793, -0.09520290791988373, -0.3538989722728729, 0.476095974445343], [-0.1887689232826233, 0.6044436097145081, 0.9126030206680298, 0.2200850397348404], [0.06815779209136963, 0.654265284538269, 2.334238052368164, 0.4922524392604828], [0.060659706592559814, 0.0358554907143116, -1.8436641693115234, -0.031034791842103004]], [[0.29149457812309265, -0.19150732457637787, 0.23176971077919006, 0.40944650769233704], [-0.2320529818534851, -0.28897058963775635, -0.5612062215805054, -0.15884000062942505], [0.35046958923339844, 0.13004262745380402, 0.21980829536914825, 0.25831085443496704], [0.04289201647043228, -0.11498578637838364, -0.4158785343170166, 0.2505965530872345]], [[0.5945471525192261, 0.11201514303684235, -0.5413424968719482, 0.4034539461135864], [-0.2888668179512024, -0.26901549100875854, 0.24492888152599335, -0.36074143648147583], [-0.07064513117074966, -0.009214285761117935, -0.6853810548782349, 0.16363638639450073], [0.46441468596458435, -0.4867990016937256, 0.10641401261091232, 0.5785366892814636]], [[-0.2367825210094452, -0.25429436564445496, -0.30452102422714233, 0.1423376351594925], [0.392684668302536, 0.07693322002887726, 0.33370375633239746, -0.3548160791397095], [-0.37186476588249207, -0.3004264235496521, 0.0053429133258759975, 0.0013363657053560019], [-0.13455113768577576, 0.09383029490709305, 0.4511505961418152, 0.33267027139663696]], [[-0.40050381422042847, -0.1542893946170807, 0.03556567803025246, 0.0686783567070961], [0.050877463072538376, -0.12588350474834442, -0.7190287709236145, -0.15216946601867676], [-0.3574889302253723, 0.003818084252998233, 0.039211928844451904, 0.07548253983259201], [-0.18992464244365692, -0.15086372196674347, -0.23111611604690552, 0.376041442155838]], [[-0.32662081718444824, -0.3345051109790802, 0.08908773213624954, 0.19343192875385284], [0.2136254906654358, 0.14217835664749146, -0.29225555062294006, -0.16767801344394684], [-0.18092645704746246, 0.016953378915786743, -0.14882756769657135, 0.21974004805088043], [0.17778950929641724, 0.014758373610675335, 0.3196130096912384, 0.4640231430530548]], [[-0.08170666545629501, 0.18025168776512146, -0.21251656115055084, 0.32083019614219666], [-0.004717630334198475, 0.15074649453163147, -0.3499605655670166, 0.06475718319416046], [0.2711648643016815, -0.3392026126384735, -0.21767054498195648, -0.033806271851062775], [-0.4106772840023041, 0.4934271275997162, -0.2738337218761444, 0.7326041460037231]], [[-0.6043388843536377, -0.021263422444462776, 0.13580958545207977, 0.39518988132476807], [0.4860096573829651, 0.056843578815460205, -0.3708947002887726, -0.5316280722618103], [-0.31094038486480713, -0.09091012924909592, -0.08548207581043243, 0.24473929405212402], [-0.9141467213630676, 0.4297093152999878, -0.02448202855885029, 0.8135172724723816]], [[-0.008565768599510193, -0.12330222874879837, -0.10283399373292923, -0.3174212872982025], [0.17348575592041016, -0.0801304504275322, -0.508931577205658, 0.2259741723537445], [0.2961887717247009, -0.029675057157874107, -0.07093450427055359, -0.4894388020038605], [-0.5343976020812988, 0.07659237086772919, 0.2248145192861557, -0.09006199985742569]], [[-0.8938030004501343, 0.6542989015579224, 1.0328469276428223, 1.2400102615356445], [-0.45238015055656433, 0.6931493878364563, 1.5622384548187256, 0.7763336896896362], [0.7635396122932434, -0.9039933085441589, 0.8204746246337891, -0.33282241225242615], [2.197833299636841, -2.3509132862091064, 1.2647109031677246, -2.294782876968384]], [[0.15963131189346313, -0.1524062156677246, 0.049322307109832764, -0.02434086799621582], [0.10700368881225586, 0.17659145593643188, -0.18645232915878296, 0.2344813346862793], [0.16297376155853271, -0.24990713596343994, -0.07999330759048462, 0.038671910762786865], [-0.21113580465316772, -0.19832831621170044, -0.17750632762908936, -0.16482502222061157]]]}, "dense": {"bias:0": [-0.003906140336766839], "kernel:0": [[3.199204002157785e-05], [-0.0029053681064397097], [0.003445912152528763], [0.3989887833595276], [-0.019612714648246765], [-0.0890733078122139], [0.2031497210264206], [-0.18413805961608887], [0.001256705611012876], [-8.446591527899727e-05], [0.07921051979064941], [-0.2738438546657562], [0.12389224767684937], [-0.19789521396160126], [-9.401649731444195e-05], [0.337907075881958], [0.4572714567184448], [0.17421509325504303], [0.0003909232036676258], [0.10531970113515854], [0.11611726135015488], [-0.29530349373817444], [0.2992228865623474], [-0.31305596232414246]]}, "lstm": {"lstm_cell": {},