{"conv1d": {"bias:0": [0.01928171142935753, -0.006042396649718285, -0.01737215928733349, 0.029658645391464233], "kernel:0": [[[0.8502187132835388, -5.5955939292907715, -1.8808482885360718, -5.419396877288818]], [[-0.11969702690839767, -4.837228298187256, -1.312136173248291, -3.963733673095703]], [[-1.174850583076477, -3.19278883934021, -0.6559665203094482, -2.270634889602661]], [[-1.9140244722366333, -1.4454739093780518, 0.9442197680473328, -0.9788823127746582]], [[-2.5271363258361816, 0.5508089065551758, 2.1527414321899414, -0.6389945149421692]], [[-3.059288740158081, 1.9535071849822998, 2.878056287765503, -0.32075241208076477]], [[-2.9454152584075928, 3.146336793899536, 3.2651424407958984, -0.06806598603725433]], [[-2.564797878265381, 3.245448589324951, 2.8276994228363037, -0.7151205539703369]], [[-1.4734001159667969, 3.0866103172302246, 2.3172245025634766, -0.8994000554084778]], [[-0.19986392557621002, 2.5467798709869385, 1.4326541423797607, -1.8474065065383911]], [[0.7335296273231506, 1.7026454210281372, -0.30312177538871765, -1.7925727367401123]], [[1.9774036407470703, 0.5863626003265381, -1.8979566097259521, -1.8539927005767822]]]}, "conv1d_1": {"bias:0": [0.12489455938339233, -0.15297815203666687, -0.04228682070970535, -0.0891532301902771], "kernel:0": [[[0.07300597429275513, -0.1642361283302307, 0.13082635402679443, 0.23266726732254028], [-0.18600821495056152, 0.1255474090576172, -0.19814366102218628, -0.08897888660430908], [0.22706592082977295, -0.16245687007904053, 0.15640926361083984, 0.10980147123336792], [-0.059812843799591064, 0.027898430824279785, 0.03410017490386963, 0.024181127548217773]], [[-0.10860463976860046, 0.2691255807876587, -0.6493424773216248, 0.35266026854515076], [0.8876200914382935, 0.16550874710083008, -0.5933977961540222, 0.3481731116771698], [0.18394269049167633, -0.013024987652897835, 0.355072557926178, -0.28292787075042725], [1.759505033493042, -0.42503073811531067, 0.20816141366958618, -0.6726952195167542]], [[0.8405274152755737, 0.1040952056646347, -0.7646514773368835, 0.17010530829429626], [0.43380826711654663, 0.21214114129543304, -0.25241541862487793, 0.517976701259613], [-0.5446071028709412, -0.07393042743206024, 0.5674471259117126, -0.3572690486907959], [1.106563687324524, -0.2906440198421478, 0.09386288374662399, -0.10980559885501862]], [[-0.695393443107605, -0.04434134438633919, 0.12182442098855972, 0.20156075060367584], [-0.34454473853111267, -0.027287539094686508, 0.02675747685134411, -0.07713455706834793], [0.1397409737110138, 0.23205775022506714, 0.03530888259410858, -0.0699448212981224], [0.35883480310440063, 0.30690670013427734, 0.3986194431781769, 0.3701564371585846]], [[-0.9550352096557617, 0.049610354006290436, 0.09355463087558746, 0.347523033618927], [0.23473778367042542, -0.10154782980680466, 0.002215833868831396, -0.28977084159851074], [0.5910601019859314, 0.008790194056928158, -0.38210391998291016, -0.17574745416641235], [0.5582432150840759, -0.24614349007606506, 0.6494227051734924, 0.35334083437919617]], [[-0.028851956129074097, -0.1495777666568756, 0.678284764289856, 0.8068844676017761], [0.619401752948761, 0.02071371302008629, 0.025447677820920944, -0.025636842474341393], [0.5371032953262329, -0.06472700089216232, -0.6525346636772156, -0.762878954410553], [-0.3588000237941742, -0.297948956489563, 1.516681432723999, 0.9085829257965088]], [[0.2678333818912506, 0.3030231297016144, -0.8631231784820557, -0.5513262748718262], [1.2870286703109741, -0.45338883996009827, 2.133547306060791, 2.111605405807495], [0.4718811511993408, -0.19788430631160736, 1.389182448387146, 1.0323059558868408], [0.014171270653605461, -0.1849365383386612, -0.018014686182141304, -0.43933406472206116]], [[-0.02237897925078869, -0.1981745958328247, -0.16652189195156097, -0.04526279494166374], [0.370849609375, 0.37933847308158875, -0.23243196308612823, -0.47425395250320435], [0.1678714156150818, 0.08878149837255478, 0.17342688143253326, -0.006493641994893551], [-0.4090921878814697, -0.25229448080062866, -0.5882889628410339, -0.7555680871009827]], [[-0.07398612797260284, -0.8027554750442505, -0.16992266476154327, -0.29481765627861023], [0.06700418889522552, 0.44734492897987366, 0.78262859582901, -0.5575346350669861], [0.20990949869155884, 0.6662840247154236, 0.43624699115753174, 0.40175238251686096], [-0.7480957508087158, -1.1552371978759766, 0.002129229949787259, 0.03147910162806511]], [[-0.4604038894176483, -2.9074759483337402, -0.009015219286084175, -1.0531004667282104], [0.07404628396034241, -0.5954828262329102, 3.0015320777893066, -2.649503707885742], [0.009254577569663525, 2.487306833267212, 0.7261061072349548, 0.4584842622280121], [-1.0633158683776855, -3.361734628677368, -1.0734094381332397, 0.9439427852630615]], [[1.5328173637390137, 4.3395676612854, 1.630530834197998, -1.1312860250473022], [-2.9213154315948486, -1.4608701467514038, -6.547626495361328, 6.48765754699707], [-2.0514283180236816, -4.56339693069458, -2.9673702716827393, 2.4413695335388184], [0.11537938565015793, 3.3152477741241455, -1.3293296098709106, 2.5725533962249756]], [[0.16043400764465332, -0.03760749101638794, 0.05356860160827637, -0.013506114482879639], [-0.13026028871536255, -0.19738471508026123, -0.1551918387413025, 0.1200982928276062], [0.14187687635421753, -0.24116867780685425, -0.24720966815948486, 0.18440479040145874], [0.22547203302383423, -0.1335417628288269, 0.07659947872161865, -0.08918994665145874]]]}, "dense": {"bias:0": [-0.07398176193237305], "kernel:0": [[0.07190565764904022], [0.07013947516679764], [-0.14548832178115845], [0.04034142196178436], [-0.06241457909345627], [0.1405964493751526], [-0.04553195834159851], [-0.1598321497440338], [0.16786612570285797], [0.23600241541862488], [-0.013716590590775013], [0.06644688546657562], [-0.08721250295639038], [0.23428677022457123], [0.08986601233482361], [-0.10540991276502609], [-0.2889203727245331], [-0.12737387418746948], [-0.14862900972366333], [0.048824410885572433], [-0.06884261965751648], [0.12577246129512787], [-0.03806329146027565], [-0.04354707896709442]]}, "lstm": {"lstm_cell": {},