{"conv1d": {"bias:0": [-0.00877294596284628, 0.004345460329204798, -0.01304535660892725, 0.00515680992975831], "kernel:0": [[[0.35856932401657104, 0.9155964255332947, -0.7788227796554565, -0.9179949760437012]], [[0.018155118450522423, 0.6149714589118958, -0.5615507364273071, -1.0330203771591187]], [[-0.2716326415538788, 0.5804962515830994, 0.2294880896806717, -1.3216233253479004]], [[-0.29859110713005066, 0.1362919956445694, 0.43779456615448, -1.3386799097061157]], [[-0.6609998941421509, 0.00039638642920181155, 1.4147573709487915, -1.4580447673797607]], [[0.06640611588954926, 0.21894259750843048, 1.7231274843215942, -1.0613781213760376]], [[0.41084691882133484, -0.31721818447113037, 1.6947689056396484, -0.06659603863954544]], [[0.7533060312271118, -0.8460358381271362, 1.5269074440002441, 0.3975682854652405]], [[1.821128249168396, -1.1469913721084595, 1.4298837184906006, 1.1890754699707031]], [[1.6920852661132812, -1.1241235733032227, 0.4249635636806488, 1.1411762237548828]], [[1.6781461238861084, -0.8251505494117737, 0.06762316823005676, 1.197180151939392]], [[1.205391526222229, -0.9373494982719421, -1.4886256456375122, 1.4269887208938599]]]}, "conv1d_1": {"bias:0": [0.00036120228469371796, 0.02824430912733078, 0.004643106367439032, -0.005561197176575661], "kernel:0": [[[0.060175955295562744, 0.16225916147232056, -0.17377936840057373, -0.12490725517272949], [0.026904284954071045, 0.08933204412460327, -0.23264425992965698, -0.23086762428283691], [0.2424282431602478, 0.1216663122177124, -0.030355632305145264, -0.19585472345352173], [-0.15165889263153076, 0.09984874725341797, -0.0682646632194519, 0.20074492692947388]], [[-0.6698555946350098, -0.1985749900341034, -0.41914743185043335, 0.3462287485599518], [-0.31299304962158203, -0.22780826687812805, -0.27741539478302, 0.3417474627494812], [0.1543668806552887, 0.4111022353172302, 0.14345194399356842, -0.18593204021453857], [0.9321426153182983, -0.2837049663066864, 0.21737278997898102, 0.1533292829990387]], [[-0.20814216136932373, 0.19735658168792725, -0.07529652863740921, -0.16190145909786224], [0.13160523772239685, 0.11023266613483429, 0.08887197077274323, 0.16227176785469055], [-0.15324899554252625, 0.20692269504070282, 0.10435707122087479, 0.12322226911783218], [0.3180317282676697, 0.024173086509108543, 0.2041560560464859, 0.19802625477313995]], [[-0.3470306992530823, 0.05684799328446388, 0.027531197294592857, 0.046719152480363846], [0.09935122728347778, -0.021978015080094337, -0.13022370636463165, -0.10875757783651352], [-0.02218509651720524, 0.25399649143218994, -0.17165575921535492, -0.03981230407953262], [0.24292854964733124, 0.1120319813489914, -0.07944649457931519, -0.25571829080581665]], [[-0.10832508653402328, 0.4469362199306488, -0.1886337399482727, 0.20304669439792633], [0.5067648887634277, -0.26773348450660706, -0.028069933876395226, 0.04919549450278282], [-0.3947591483592987, 0.32121381163597107, -0.034003421664237976, 0.17296309769153595], [0.35076963901519775, -0.04611129313707352, 0.11135976016521454, 0.006896070204675198]], [[-0.041027605533599854, 0.11477787792682648, 0.10729960352182388, 0.192697212100029], [0.23084308207035065, 0.055026110261678696, -0.09962082654237747, 0.007745723240077496], [-0.19608516991138458, 0.268451452255249, -0.18073242902755737, 0.1807454377412796], [0.376114159822464, 0.10216954350471497, -0.11378709971904755, -0.012295766733586788]], [[0.25989899039268494, 0.29808661341667175, -0.03355218097567558, 0.514420747756958], [-0.08339287340641022, -0.19312560558319092, 0.0284762941300869, -0.12161924690008163], [0.014229116030037403, -0.14264044165611267, -0.018081307411193848, 0.04122123122215271], [0.6279942989349365, -0.3717794120311737, 0.17298464477062225, -0.03465396165847778]], [[0.6420981884002686, 0.23176036775112152, -0.06198328360915184, 0.24859842658042908], [-0.3474760949611664, -0.1480533629655838, -0.033438004553318024, -0.11285380274057388], [0.10150345414876938, 0.17835311591625214, -0.12608075141906738, 0.45910224318504333], [0.06406291574239731, -0.007553450763225555, -0.20391182601451874, -0.24122707545757294]], [[1.6849780082702637, -0.053331613540649414, 0.12619704008102417, -0.23395821452140808], [-0.8155688643455505, -0.11625419557094574, 0.08093176037073135, 0.2101847231388092], [0.9999189972877502, -0.038117747753858566, -0.12407635152339935, 0.5906240940093994], [-0.4516451954841614, -0.4259444773197174, -0.5473914742469788, -0.9311915040016174]], [[1.0619920492172241, 0.7997846603393555, -0.3049863278865814, -1.81840980052948], [-0.427523136138916, -0.5505223274230957, 0.08995082229375839, 1.03084135055542], [0.37216344475746155, 0.28033584356307983, -0.319663941860199, -1.5135632753372192], [-0.4353179335594177, -0.005851792171597481, -0.9984279870986938, 0.3940444886684418]], [[-1.5007468461990356, -1.5412616729736328, -1.1381042003631592, 0.9052796959877014], [1.2809579372406006, 1.1579869985580444, 0.8825563788414001, -1.0958970785140991], [-1.79770028591156, -1.1378874778747559, 1.9323701858520508, 0.7380191087722778], [-0.9436372518539429, -1.3365532159805298, -2.7050771713256836, 1.3627989292144775]], [[-0.1288740038871765, 0.21700310707092285, 0.1602577567100525, 0.06087285280227661], [-0.12544500827789307, 0.19083178043365479, 0.1022806167602539, -0.22091788053512573], [0.1306954026222229, -0.22545063495635986, -0.2408081293106079, -0.1944170594215393], [-0.08964914083480835, -0.09909021854400635, 0.1226312518119812, -0.13122516870498657]]]}, "dense": {"bias:0": [0.017267636954784393], "kernel:0": [[-0.12572354078292847], [0.38892295956611633], [0.05449226498603821], [0.11579521000385284], [0.18549755215644836], [0.45399585366249084], [-0.42359378933906555], [0.05661651864647865], [0.08993926644325256], [-0.11692269146442413], [-0.09966874122619629], [-0.3505622446537018], [0.10588138550519943], [0.30044952034950256], [0.08946431428194046], [0.25913718342781067], [0.09799429029226303], [-0.09085765480995178], [0.1714712232351303], [0.3910389840602875], [-0.0986088290810585], [-0.17456315457820892], [-0.1773286759853363], [0.10442103445529938]]}, "lstm": {"lstm_cell": {},