{"conv1d": {"bias:0": [0.013251439668238163, -0.027663711458444595, -0.017736131325364113, 0.02596927434206009], "kernel:0": [[[-0.17332340776920319, -1.7079086303710938, -0.37569618225097656, -0.37942633032798767]], [[0.20283715426921844, -0.6470556855201721, 0.2405974268913269, -0.5854771137237549]], [[-0.18637272715568542, -0.02907588891685009, 0.42945578694343567, -0.274759441614151]], [[-0.25336432456970215, 0.09124095737934113, 0.4186965227127075, -0.11616925150156021]], [[-0.21884103119373322, 0.26586025953292847, 0.0253561083227396, -0.41696590185165405]], [[-0.1373634785413742, -0.2521248161792755, -0.07977265119552612, 0.2719848155975342]], [[-0.07046619802713394, -0.37870103120803833, 0.002579321386292577, 0.3693096935749054]], [[0.022226285189390182, -0.4334489405155182, -0.3360898792743683, 0.5358744859695435]], [[1.2005915641784668, 0.37052008509635925, 0.18196719884872437, 0.04000711441040039]], [[1.638122797012329, 0.841331422328949, 0.9916996955871582, -0.5558018684387207]], [[1.0612890720367432, 0.39355969429016113, 0.49686944484710693, -0.6468760967254639]], [[-2.6353390216827393, -1.960938572883606, -2.3082234859466553, 1.7883992195129395]]]}, "conv1d_1": {"bias:0": [-0.04282170161604881, 0.030195655301213264, 0.017778092995285988, 0.044335901737213135], "kernel:0": [[[-0.1618565320968628, -0.05801749229431152, 0.0640529990196228, 0.040322721004486084], [-0.06046772003173828, -0.22737693786621094, 0.20046252012252808, 0.10342419147491455], [-0.05883079767227173, 0.19206279516220093, -0.054632604122161865, 0.05122476816177368], [0.14185184240341187, 0.0947577953338623, -0.10348176956176758, 0.016358017921447754]], [[0.29179707169532776, 0.4993487596511841, 0.12474609911441803, -0.18925398588180542], [1.1985536813735962, 1.3505438566207886, 0.7344391942024231, 0.24248169362545013], [0.6721180081367493, 0.2896026074886322, 0.10173513740301132, -0.9157344698905945], [0.527765691280365, -0.072734035551548, -0.30053243041038513, -0.5176604986190796]], [[0.3620397448539734, -0.041333772242069244, 0.28280508518218994, -0.34534314274787903], [-0.430452436208725, 0.2632324695587158, -0.1268734335899353, 0.5166066884994507], [0.20124390721321106, 0.26253581047058105, 0.06305145472288132, -0.2532477378845215], [0.11068391054868698, -0.16256703436374664, -0.3820360600948334, 0.23489825427532196]], [[0.30631574988365173, 0.2790379524230957, 0.45342952013015747, -0.10054056346416473], [0.0465628057718277, 0.8096160292625427, 0.11547496914863586, -0.15274617075920105], [0.08395220339298248, -0.06444881111383438, 0.030969301238656044, -0.3362411856651306], [0.24572418630123138, -0.37208864092826843, 0.09203596413135529, 0.37952500581741333]], [[0.09581337869167328, 0.09313198924064636, 0.7099788784980774, 0.1686859428882599], [0.06022220477461815, 0.47913265228271484, -0.24208799004554749, -0.2355295568704605], [0.23579102754592896, 0.18075919151306152, 0.2033502161502838, 0.11541774123907089], [0.22447963058948517, -0.005845540203154087, 0.06780778616666794, 0.6734071969985962]], [[0.18583662807941437, 0.42013248801231384, 0.5716182589530945, 0.01486933883279562], [0.40016886591911316, 0.24494750797748566, -0.3116346597671509, -0.8148757219314575], [0.11816858500242233, -0.06528770923614502, 0.297047883272171, 0.16701574623584747], [-0.042398471385240555, -0.07153330743312836, 0.06624363362789154, 0.5412188172340393]], [[0.11261177062988281, 0.6380375027656555, 0.14578337967395782, -0.27093392610549927], [0.5811654925346375, 0.05329281836748123, 0.0934978723526001, -0.36828917264938354], [0.07995167374610901, -0.09761649370193481, 0.15819969773292542, -0.12783029675483704], [-0.5589079856872559, 0.1282372623682022, -0.13905397057533264, 0.1510937213897705]], [[0.004839842673391104, 0.27392977476119995, 0.49245792627334595, -0.36635029315948486], [0.989469587802887, 0.26744189858436584, 0.0815052017569542, -0.09844966977834702], [-0.33312779664993286, 0.5133737921714783, 0.04668145254254341, -0.20998920500278473], [-0.44476208090782166, 0.3114122748374939, -0.2757921814918518, 0.19354982674121857]], [[0.4189784526824951, 0.3280426859855652, 0.5181769728660583, -0.4314170777797699], [0.3493089973926544, 0.30795958638191223, -0.02870847098529339, -0.05904093384742737], [-0.04884681850671768, 0.5144940614700317, 0.05884866043925285, -0.40250301361083984], [-0.33823657035827637, 0.10976722836494446, -0.2283163219690323, 0.2178187519311905]], [[-0.1084446832537651, 0.31943079829216003, 0.27652159333229065, -0.12397558242082596], [0.45445775985717773, 0.31434914469718933, 0.2735392153263092, -0.33174434304237366], [0.22093982994556427, 0.5665101408958435, 0.8767973780632019, -0.751447856426239], [-0.10470156371593475, 0.19663885235786438, -0.580314576625824, 0.328365683555603]], [[-1.1377688646316528, -2.448348045349121, -1.9751241207122803, 1.6868308782577515], [-0.8635867238044739, -0.4046192169189453, -1.6375482082366943, 1.4160735607147217], [-1.0126618146896362, -1.481137990951538, -2.1013095378875732, 1.954920768737793], [0.7273521423339844, 0.7988390922546387, 1.0759897232055664, -1.2357641458511353]], [[-0.2227964997291565, 0.042738914489746094, -0.15625864267349243, -0.182641863822937], [-0.012914538383483887, -0.20203983783721924, 0.20602232217788696, 0.18256419897079468], [0.082713782787323, 0.12676072120666504, -0.1410643458366394, -0.07854419946670532], [0.12291812896728516, 0.13573163747787476, -0.07960832118988037, 0.16507083177566528]]]}, "dense": {"bias:0": [-0.07730649411678314], "kernel:0": [[0.4879581928253174], [-0.018172025680541992], [-0.4383598566055298], [-0.2831466495990753], [0.22908221185207367], [0.05331098660826683], [0.20391502976417542], [0.14176921546459198], [0.27537429332733154], [0.18404743075370789], [-0.12490993738174438], [-0.1857701539993286], [-0.0708075538277626], [0.10624416917562485], [-0.2975950241088867], [-0.17089465260505676], [0.48158636689186096], [-0.31879934668540955], [0.013516402803361416], [0.24818827211856842], [0.015912633389234543], [0.3364076316356659], [-0.09754650294780731], [0.38613006472587585]]}, "lstm": {"lstm_cell": {},