{"conv1d": {"bias:0": [-0.005168178118765354, -0.0004229459445923567, 0.0010249953484162688, 0.0033285527024418116], "kernel:0": [[[-1.1859575510025024, 1.4252985715866089, 1.9724907875061035, -1.2914663553237915]], [[-0.8867722153663635, 1.2726819515228271, 1.526499629020691, -1.1501827239990234]], [[-0.7461689710617065, 1.3905794620513916, 1.2404900789260864, -1.1283401250839233]], [[-0.6110638976097107, 0.6728957295417786, 0.9657400250434875, -1.3638886213302612]], [[-0.48820173740386963, -0.046490706503391266, 1.015961766242981, -1.9191138744354248]], [[-0.5368054509162903, -0.011846891604363918, 0.28253859281539917, -1.762805700302124]], [[0.28414347767829895, -0.9547135233879089, 0.3379421830177307, -1.213287591934204]], [[0.07238886505365372, -1.6137229204177856, -0.07247550040483475, -1.3755028247833252]], [[-0.19340164959430695, -1.6578104496002197, 0.022649243474006653, -1.0784350633621216]], [[-0.2574392259120941, -1.6612831354141235, 0.05817593261599541, -0.4923188090324402]], [[-0.25283077359199524, -1.913225531578064, -0.06509219110012054, -0.6386017799377441]], [[-0.5046414732933044, -1.4141292572021484, 0.08256378769874573, 0.18414658308029175]]]}, "conv1d_1": {"bias:0": [-0.17305907607078552, 0.19198118150234222, -0.15538892149925232, 0.07332640141248703], "kernel:0": [[[0.18880081176757812, -0.07042229175567627, -0.231647789478302, 0.04252791404724121], [-0.10008740425109863, 0.20980894565582275, 0.11989271640777588, 0.1273897886276245], [0.21928149461746216, -0.20035165548324585, -0.07032126188278198, 0.21094352006912231], [-0.10121738910675049, 0.1096232533454895, 0.0332755446434021, 0.06414783000946045]], [[-0.20219287276268005, -0.2376764416694641, 0.07119244337081909, 0.025516755878925323], [-0.024688413366675377, -0.10943704098463058, 0.055424559861421585, -0.23190632462501526], [-0.11839612573385239, 0.12766620516777039, 0.019386960193514824, -0.1604061871767044], [-0.07449887692928314, 0.22292155027389526, -0.06702028959989548, -0.07937586307525635]], [[-0.017804330214858055, 0.20321540534496307, 0.025250863283872604, 0.27150654792785645], [-0.09383152425289154, 0.1778835654258728, -0.16419155895709991, -0.07844184339046478], [0.061473969370126724, -0.1128922700881958, -0.0003162601205985993, -0.12369220703840256], [0.021426444873213768, -0.14843133091926575, -0.02610541135072708, -0.012880104593932629]], [[-0.17652954161167145, -0.014770429581403732, -0.14313378930091858, 0.24688082933425903], [-0.10868963599205017, -0.04973728582262993, -0.05078762769699097, 0.030364036560058594], [-0.0013681752607226372, -0.028525622561573982, -0.06608253717422485, -0.04222509637475014], [-0.11069938540458679, -0.16529713571071625, 0.15682652592658997, 0.0037940379697829485]], [[0.34412163496017456, -0.13230448961257935, -0.1780587136745453, -0.04564059153199196], [0.3027523458003998, 0.11109334230422974, -0.2536410987377167, -0.0358913317322731], [-0.05966555327177048, -0.09256795793771744, 0.32726913690567017, 0.12905678153038025], [0.3235161304473877, 0.017331445589661598, -0.3431268632411957, 0.21011556684970856]], [[-0.08714289963245392, 0.3201952874660492, 0.17972616851329803, 0.20169687271118164], [-0.18234370648860931, 0.7689774036407471, -0.21185557544231415, 0.06628132611513138], [-0.10908596217632294, -0.5382606387138367, 0.04656632989645004, -0.24421413242816925], [0.04086394980549812, 0.708426296710968, -0.2073592096567154, -0.012634306214749813]], [[-0.8524773120880127, 0.44959139823913574, 0.29572200775146484, 0.04119269922375679], [-1.3691534996032715, -0.1936480700969696, -0.018853114917874336, 0.15181919932365417], [0.9995161294937134, -0.6481003761291504, -0.25482097268104553, -0.23664790391921997], [-1.3769258260726929, 0.9318423271179199, 0.07753360271453857, 0.0057386308908462524]], [[-0.6577193737030029, -1.4363864660263062, -0.27556878328323364, 0.41045185923576355], [0.23024798929691315, -2.737673044204712, -1.3030140399932861, 0.3628610372543335], [1.5308632850646973, 1.5809203386306763, -0.020574059337377548, -0.3176504075527191], [-1.4406629800796509, -2.122065305709839, -0.32996973395347595, 0.16973508894443512]], [[1.5411405563354492, -1.3997722864151, -1.5569952726364136, 0.8205304145812988], [2.237971067428589, 0.7689222693443298, -1.415704607963562, 1.0310964584350586], [-1.5415111780166626, 1.8266818523406982, 1.5191420316696167, -0.775981605052948], [1.6894800662994385, -1.7624261379241943, -1.7284332513809204, 1.3316915035247803]], [[0.7766072154045105, 1.1322250366210938, 1.44092857837677, 0.1695670634508133], [-1.464720606803894, 1.006096363067627, 3.7505133152008057, -2.0068304538726807], [-1.3852752447128296, -1.8974980115890503, -1.3104361295700073, -0.5795149803161621], [0.8708786964416504, 2.116394519805908, 2.416790723800659, 0.4165433943271637]], [[-0.501807689666748, 0.728009819984436, 0.3668147325515747, -2.071368932723999], [0.11210747063159943, -0.03303597867488861, -0.0896022617816925, 0.9678928852081299], [0.6320614814758301, -0.11130524426698685, -0.07085683196783066, 2.2005608081817627], [-0.09537238627672195, 0.04160153865814209, -0.3855358362197876, -1.5175845623016357]], [[0.06217551231384277, 0.21089118719100952, 0.2318752408027649, -0.05042552947998047], [-0.1097293496131897, -0.020380735397338867, -0.12571114301681519, -0.17526108026504517], [0.03663843870162964, 0.21416950225830078, -0.2449347972869873, -0.21508121490478516], [-0.036299705505371094, 0.046589016914367676, 0.178855299949646, 0.1937474012374878]]]}, "dense": {"bias:0": [-0.14943958818912506], "kernel:0": [[0.21374286711215973], [0.19089020788669586], [-0.2127794474363327], [0.17384731769561768], [0.18421442806720734], [0.2677628993988037], [-0.1964373141527176], [0.22840669751167297], [0.1762494146823883], [-0.2672998309135437], [-0.14578600227832794], [0.09477492421865463], [0.12793268263339996], [-0.5022957921028137], [-0.28707149624824524], [-0.17261911928653717], [0.11928101629018784], [0.3346502184867859], [-0.14657698571681976], [-0.1629369854927063], [0.1743747740983963], [0.2540404796600342], [0.13221211731433868], [0.22346992790699005]]}, "lstm": {"lstm_cell": {},