{"conv1d": {"bias:0": [-0.14934204518795013, -0.22287416458129883, 0.2039863020181656, -0.19426625967025757], "kernel:0": [[[0.5214693546295166, 0.7690312266349792, 1.1094576120376587, -2.7234818935394287]], [[0.6112816333770752, -0.18218329548835754, -0.3110165297985077, -0.5890437960624695]], [[0.42005467414855957, 0.015671418979763985, -0.2721012234687805, 0.32893943786621094]], [[0.16084103286266327, 0.11853423714637756, -0.21594855189323425, 0.8134168386459351]], [[0.32028019428253174, -0.03313196823000908, 0.09219793230295181, 0.2843766212463379]], [[0.26468831300735474, 0.1718827486038208, 0.33867496252059937, 0.47279852628707886]], [[0.37672942876815796, -0.22125855088233948, 1.0002613067626953, -0.12329281121492386]], [[0.23348425328731537, -0.35046112537384033, 0.8583551049232483, 0.3149506151676178]], [[0.7731944918632507, -0.8887472152709961, 0.6729068756103516, 0.4873846471309662]], [[0.4604930579662323, -1.1013953685760498, 0.21363136172294617, 0.523501455783844]], [[0.45915651321411133, 0.35391664505004883, 0.49306225776672363, 0.8414427042007446]], [[-0.9685313105583191, 3.4325594902038574, 1.9862784147262573, -0.3693141043186188]]]}, "conv1d_1": {"bias:0": [0.2750060260295868, -0.2533626854419708, 0.24043455719947815, -0.30271267890930176], "kernel:0": [[[0.21439701318740845, -0.2413032054901123, 0.15419799089431763, -0.013563752174377441], [0.2051384449005127, 0.21364378929138184, -0.14086616039276123, -0.1794506311416626], [0.07571530342102051, -0.020350217819213867, -0.1535620093345642, 0.041777849197387695], [-0.13390153646469116, -0.021411120891571045, 0.2366465926170349, 0.09992235898971558]], [[0.10755514353513718, 0.5581606030464172, 0.9347550272941589, -0.9570551514625549], [0.9443866610527039, -0.24592769145965576, 0.11575637757778168, -0.6690871119499207], [0.22694166004657745, -0.29541757702827454, 0.7447802424430847, -0.2673764228820801], [-1.7980631589889526, 1.8938524723052979, 0.3211267292499542, -0.4583788216114044]], [[0.15172186493873596, 0.11848419904708862, 0.22254954278469086, 0.2943967282772064], [0.3286668062210083, -0.3324899673461914, -0.2306184023618698, -0.4879964292049408], [-0.16032280027866364, -0.11225210130214691, -0.3923502564430237, -0.057070791721343994], [0.4924658536911011, -0.21107909083366394, 0.8858639001846313, -0.29918932914733887]], [[-0.06013251468539238, 0.051411982625722885, 0.07674796879291534, 0.4719521701335907], [0.43284621834754944, 0.24201372265815735, 0.5614797472953796, -0.1352359503507614], [-0.016023434698581696, 0.031040046364068985, -0.3209571838378906, -0.7617811560630798], [0.13854578137397766, 0.06997184455394745, 0.21996918320655823, 0.3903863728046417]], [[0.056668322533369064, -0.09827746450901031, 0.27922186255455017, 0.49812284111976624], [0.2638276219367981, -0.17480559647083282, 0.2610868811607361, -0.3739709258079529], [0.09740069508552551, -0.02440347708761692, -0.18772463500499725, -0.5940976142883301], [0.08666885644197464, 0.001010814099572599, 0.16269999742507935, 0.4891655147075653]], [[-0.30824941396713257, -0.15421077609062195, -0.06947706639766693, 0.04549374058842659], [0.5271493792533875, -0.09203187376260757, 0.2431369423866272, -0.35564953088760376], [0.45406055450439453, 0.33849284052848816, -0.0423349030315876, -0.2965349853038788], [-0.2902899980545044, -0.4189206063747406, 0.23050980269908905, 0.15248805284500122]], [[-0.6339132785797119, -0.2449294477701187, -0.1822347193956375, -0.38786089420318604], [0.46516740322113037, -0.30318760871887207, 0.14979688823223114, -0.29532134532928467], [0.7117341756820679, 0.3735284209251404, -0.06169936805963516, 0.0896344929933548], [-0.32851970195770264, -0.31659996509552, 0.01710117608308792, -0.28745031356811523]], [[-0.34983348846435547, -0.1844717115163803, -0.18912507593631744, -0.14628246426582336], [0.10936373472213745, -0.19708557426929474, 0.4268428683280945, -0.4344112277030945], [0.34743210673332214, 0.1776895374059677, -0.20095838606357574, -0.3597635328769684], [-0.2532566785812378, -0.2254755049943924, 0.21138373017311096, -0.15883032977581024]], [[-0.06985455006361008, 0.13443030416965485, -0.026064420118927956, -0.10525017976760864], [0.2399815022945404, -0.34952372312545776, 0.34963154792785645, -0.207881361246109], [-0.07382640987634659, 0.3595236837863922, -0.12965039908885956, -0.0022128995042294264], [-0.08661824464797974, -0.03594965115189552, 0.23129186034202576, -0.11734597384929657]], [[0.00777758564800024, -0.13709628582000732, 0.13636937737464905, -0.1382976770401001], [0.6757961511611938, -0.5755411386489868, 0.7477833032608032, -0.8190426826477051], [0.19385308027267456, -0.1040116623044014, 0.5413592457771301, -0.168782576918602], [-0.061376117169857025, -0.22665061056613922, 0.27643048763275146, 0.25780847668647766]], [[0.6411904096603394, -0.7781664729118347, 1.3554110527038574, -0.8456146717071533], [-1.7549573183059692, 2.469437599182129, -3.02734637260437, 2.550959825515747], [-0.8165448307991028, 1.1252509355545044, -1.329511046409607, 0.9004037976264954], [0.7641981244087219, -0.7992476224899292, 1.0616683959960938, -0.8159908056259155]], [[0.20273315906524658, 0.24004828929901123, -0.031780779361724854, -0.1390000581741333], [-0.07540428638458252, -0.054765939712524414, -0.09229481220245361, 0.18765074014663696], [-0.1470242142677307, 0.0958893895149231, -0.2433803677558899, 0.15481078624725342], [-0.09099256992340088, -0.07161527872085571, 0.08618855476379395, 0.08580392599105835]]]}, "dense": {"bias:0": [0.07966417074203491], "kernel:0": [[-0.23722060024738312], [0.09648699313402176], [-0.10089156776666641], [-0.041509900242090225], [0.2314072847366333], [0.023714132606983185], [-0.013871491886675358], [0.5074445605278015], [-0.035300929099321365], [-0.013565385714173317], [0.07652629911899567], [-0.1050252765417099], [0.13929219543933868], [-0.09677442163228989], [-0.3541356325149536], [0.13445979356765747], [-0.017379771918058395], [-0.15324372053146362], [0.24567551910877228], [0.0026695241685956717], [0.3184133768081665], [-0.14309193193912506], [0.7084019184112549], [-0.06840714812278748]]}, "lstm": {"lstm_cell": {},